company,role,location,link,source,date
Fareportal,Product Manager (B2C),"Gurugram, Haryana, India",https://in.linkedin.com/jobs/view/product-manager-b2c-at-fareportal-4470153284?position=1&pageNum=0&refId=N8qmuQwhZbj0g3VsNNwNrQ%3D%3D&trackingId=Y%2BEuTbhpKL76UKWbCZqAyQ%3D%3D,LINKEDIN,2026-10-01
Michael Page,Product Manager,"Delhi, Delhi, India",https://in.linkedin.com/jobs/view/product-manager-at-michael-page-4471944837?position=7&pageNum=0&refId=N8qmuQwhZbj0g3VsNNwNrQ%3D%3D&trackingId=aF9IBM2UuN9L%2F3aTVEx%2FQA%3D%3D,LINKEDIN,2026-10-01
Enveu,Product Manager (AI-First),"Noida, Uttar Pradesh, India",https://in.linkedin.com/jobs/view/product-manager-ai-first-at-enveu-4447672814?position=1&pageNum=2&refId=bO%2B406bG0oSyipQe%2FBarYA%3D%3D&trackingId=A2HTy0roW1EpooTR2%2F%2BXoA%3D%3D,LINKEDIN,2026-10-01
Park+,Product Manager,"Gurugram, Haryana, India",https://in.linkedin.com/jobs/view/product-manager-at-park%2B-4473723466?position=4&pageNum=2&refId=bO%2B406bG0oSyipQe%2FBarYA%3D%3D&trackingId=Qyrgrrc3eHRG4pXh%2FIM0gg%3D%3D,LINKEDIN,2026-10-01
LogiNext,Senior Product Manager,"Mumbai, Maharashtra, India",https://in.linkedin.com/jobs/view/senior-product-manager-at-loginext-4450104301?position=6&pageNum=2&refId=bO%2B406bG0oSyipQe%2FBarYA%3D%3D&trackingId=nXRpkrnHH0PGXnIBqtY2ZQ%3D%3D,LINKEDIN,2026-10-01
IDFC FIRST Bank,Product Manager-Debit Cards,"Mumbai, Maharashtra, India",https://in.linkedin.com/jobs/view/product-manager-debit-cards-at-idfc-first-bank-4467838568?position=1&pageNum=5&refId=MHZ3fJuuxRDSgj%2FLNhDkHw%3D%3D&trackingId=SyAxeRQ8Hdq3Wa5ywUxgkA%3D%3D,LINKEDIN,2026-10-01
Binary Semantics Ltd.,Product Manager,"Gurugram, Haryana, India",https://in.linkedin.com/jobs/view/product-manager-at-binary-semantics-ltd-4470157466?position=2&pageNum=5&refId=MHZ3fJuuxRDSgj%2FLNhDkHw%3D%3D&trackingId=I6TWLKpc1nBMsRTCLGQGNA%3D%3D,LINKEDIN,2026-10-01
BNP Paribas,Product Manager - AI/ML AML Platform,"Mumbai, Maharashtra, India",https://in.linkedin.com/jobs/view/product-manager-ai-ml-aml-platform-at-bnp-paribas-4461202498?position=3&pageNum=5&refId=MHZ3fJuuxRDSgj%2FLNhDkHw%3D%3D&trackingId=LDtXz9bsMAdSm7cRB2ncyw%3D%3D,LINKEDIN,2026-10-01
Priceline,Senior Product Manager,"Mumbai, Maharashtra, India",https://in.linkedin.com/jobs/view/senior-product-manager-at-priceline-4425296556?position=5&pageNum=5&refId=MHZ3fJuuxRDSgj%2FLNhDkHw%3D%3D&trackingId=di0flJBKc0MUVy39EkF8VA%3D%3D,LINKEDIN,2026-10-01
IDFC FIRST Bank,Senior Product Manager - Conversational AI,"Mumbai, Maharashtra, India",https://in.linkedin.com/jobs/view/senior-product-manager-conversational-ai-at-idfc-first-bank-4460667896?position=9&pageNum=5&refId=MHZ3fJuuxRDSgj%2FLNhDkHw%3D%3D&trackingId=Vr14sgP6Ikby8w8%2FrKGcRg%3D%3D,LINKEDIN,2026-10-01
Pepper,Senior Product Manager (AI),"Mumbai, Maharashtra, India",https://in.linkedin.com/jobs/view/senior-product-manager-ai-at-pepper-4462790198?position=2&pageNum=7&refId=awTfnuHs1CiqsgGEoVBSJw%3D%3D&trackingId=QSJqovWJLcWsvPXzuFt3Bg%3D%3D,LINKEDIN,2026-10-01
Airtel Payments Bank,Senior Product Manager,"Gurugram, Haryana, India",https://in.linkedin.com/jobs/view/senior-product-manager-at-airtel-payments-bank-4471434874?position=3&pageNum=7&refId=awTfnuHs1CiqsgGEoVBSJw%3D%3D&trackingId=2CH%2F%2FO0k3larSc1c28hK%2FA%3D%3D,LINKEDIN,2026-10-01
Hero Vired,"Senior Product Manager - AI-First Learning, Careers & Apprenticeships","Gurugram, Haryana, India",https://in.linkedin.com/jobs/view/senior-product-manager-ai-first-learning-careers-apprenticeships-at-hero-vired-4466991077?position=5&pageNum=7&refId=awTfnuHs1CiqsgGEoVBSJw%3D%3D&trackingId=9o26Ee2g2bZYM1yZT1w4XQ%3D%3D,LINKEDIN,2026-10-01
Cvent,Product Manager II,"Gurugram, Haryana, India",https://in.linkedin.com/jobs/view/product-manager-ii-at-cvent-4467609076?position=8&pageNum=7&refId=awTfnuHs1CiqsgGEoVBSJw%3D%3D&trackingId=CJ7UK4xjalS%2FyFv90jIDVw%3D%3D,LINKEDIN,2026-10-01
Sustainiam,Associate Product Manager,"Noida, Uttar Pradesh, India",https://in.linkedin.com/jobs/view/associate-product-manager-at-sustainiam-4432147011?position=2&pageNum=0&refId=mJHzpQkbHoBYvlLVdNEamg%3D%3D&trackingId=6SsQI9Vyk71bU8SncD0iFQ%3D%3D,LINKEDIN,2026-10-01
Beam AI,Associate Product Manager,"Noida, Uttar Pradesh, India",https://in.linkedin.com/jobs/view/associate-product-manager-at-beam-ai-4448028092?position=4&pageNum=0&refId=mJHzpQkbHoBYvlLVdNEamg%3D%3D&trackingId=Eeq7zlzG5DIjYD97T0SbFw%3D%3D,LINKEDIN,2026-10-01
Flick2Know,Associate Product Manager APM,"Gurugram, Haryana, India",https://in.linkedin.com/jobs/view/associate-product-manager-apm-at-flick2know-4434481129?position=7&pageNum=0&refId=mJHzpQkbHoBYvlLVdNEamg%3D%3D&trackingId=pK%2F9SKnvkLsmtE101NSpDw%3D%3D,LINKEDIN,2026-10-01
airtel,Associate Product Manager,"Gurugram, Haryana, India",https://in.linkedin.com/jobs/view/associate-product-manager-at-airtel-4464763848?position=4&pageNum=2&refId=K4v01aEctMJD%2FmVsK%2Bwywg%3D%3D&trackingId=kDRhgkbmiMs5W3OD7X1ILw%3D%3D,LINKEDIN,2026-10-01
Tata CLiQ Fashion,Associate Product Manager,"Mumbai, Maharashtra, India",https://in.linkedin.com/jobs/view/associate-product-manager-at-tata-cliq-fashion-4470935218?position=6&pageNum=2&refId=K4v01aEctMJD%2FmVsK%2Bwywg%3D%3D&trackingId=O1zIXC9CxL2FXVJriTi9GQ%3D%3D,LINKEDIN,2026-10-01
AGRIM,Associate Product Manager,"Gurugram, Haryana, India",https://in.linkedin.com/jobs/view/associate-product-manager-at-agrim-4469684075?position=1&pageNum=5&refId=0LYI%2FTyohBh6OTYIhSgV3w%3D%3D&trackingId=eEsOjInCooIPZJKyFTE8hA%3D%3D,LINKEDIN,2026-10-01
Airtel Digital,Associate Product Manager,"Gurugram, Haryana, India",https://in.linkedin.com/jobs/view/associate-product-manager-at-airtel-digital-4468516890?position=3&pageNum=5&refId=0LYI%2FTyohBh6OTYIhSgV3w%3D%3D&trackingId=KjiOIpnb8iumYLoxFN53Jw%3D%3D,LINKEDIN,2026-10-01
PayU,Product Manager - SMB Lending,Mumbai Metropolitan Region,https://in.linkedin.com/jobs/view/product-manager-smb-lending-at-payu-4443677909?position=8&pageNum=5&refId=0LYI%2FTyohBh6OTYIhSgV3w%3D%3D&trackingId=aDu9%2FoVnHyMZQLfArATWYw%3D%3D,LINKEDIN,2026-10-01
Wadhwani AI Global,Associate Product Manager,"Delhi, Delhi, India",https://in.linkedin.com/jobs/view/associate-product-manager-at-wadhwani-ai-global-4460994322?position=10&pageNum=5&refId=0LYI%2FTyohBh6OTYIhSgV3w%3D%3D&trackingId=B0pjXDSyf4RQsO%2FjuZKWCQ%3D%3D,LINKEDIN,2026-10-01
OnGrid,Product Manager - I,"Gurugram, Haryana, India",https://in.linkedin.com/jobs/view/product-manager-i-at-ongrid-4459879217?position=2&pageNum=7&refId=%2B%2FnDNUGVQ8IdHFXj6ssteA%3D%3D&trackingId=Dh4UjqXTw%2BD%2BEi17UF6tuw%3D%3D,LINKEDIN,2026-10-01
DBS Bank,"Senior Associate, Product Manager Loan Against Property , Consumer Banking Group",Mumbai Metropolitan Region,https://in.linkedin.com/jobs/view/senior-associate-product-manager-loan-against-property-consumer-banking-group-at-dbs-bank-4468653613?position=6&pageNum=7&refId=%2B%2FnDNUGVQ8IdHFXj6ssteA%3D%3D&trackingId=gLzI%2FwWaXrDqLft0hJQLlA%3D%3D,LINKEDIN,2026-10-01
Procter & Gamble,Product Manager,Mumbai Metropolitan Region,https://in.linkedin.com/jobs/view/product-manager-at-procter-gamble-4470874541?position=8&pageNum=7&refId=%2B%2FnDNUGVQ8IdHFXj6ssteA%3D%3D&trackingId=1%2BwXJ8y6uWJRn0x6c7x4oQ%3D%3D,LINKEDIN,2026-10-01
Voy,Product Manager,"Delhi, India",https://in.linkedin.com/jobs/view/product-manager-at-voy-4466654860?position=10&pageNum=7&refId=%2B%2FnDNUGVQ8IdHFXj6ssteA%3D%3D&trackingId=Uz92X%2Fw78TwZwW1R%2FO4ddw%3D%3D,LINKEDIN,2026-10-01
Pidge,Senior Product Manager,"Gurugram, Haryana, India",https://in.linkedin.com/jobs/view/senior-product-manager-at-pidge-4470402848?position=2&pageNum=0&refId=vU2sA3fBX4A9EfuInWgkUQ%3D%3D&trackingId=Poz%2BSmWRQash6LgHQuW1WA%3D%3D,LINKEDIN,2026-10-01
The Sleep Company,Senior Product Manager,Mumbai Metropolitan Region,https://in.linkedin.com/jobs/view/senior-product-manager-at-the-sleep-company-4473704863?position=3&pageNum=0&refId=vU2sA3fBX4A9EfuInWgkUQ%3D%3D&trackingId=KWyxbulepuFvOoKMrWkUPA%3D%3D,LINKEDIN,2026-10-01
INDmoney,Senior Product Manager — Trading & Derivative Products,"Gurugram, Haryana, India",https://in.linkedin.com/jobs/view/senior-product-manager-%E2%80%94-trading-derivative-products-at-indmoney-4472716066?position=6&pageNum=0&refId=vU2sA3fBX4A9EfuInWgkUQ%3D%3D&trackingId=lcK23lFd%2BB3NLk9ZH19C4A%3D%3D,LINKEDIN,2026-10-01
Sustainiam,Senior Product Manager,"Noida, Uttar Pradesh, India",https://in.linkedin.com/jobs/view/senior-product-manager-at-sustainiam-4432142034?position=1&pageNum=2&refId=tyG5ShLmXmP80Rsl6rVQVA%3D%3D&trackingId=i30EdvQt0N7NAXJxO4DIyw%3D%3D,LINKEDIN,2026-10-01
Comviva,"Senior Product Manager, MobiLytix Design Studio","Gurgaon, Haryana, India",https://in.linkedin.com/jobs/view/senior-product-manager-mobilytix-design-studio-at-comviva-4474150277?position=9&pageNum=2&refId=tyG5ShLmXmP80Rsl6rVQVA%3D%3D&trackingId=4x3KghJUkIGoEye%2FA2E4bQ%3D%3D,LINKEDIN,2026-10-01
Expedia Group,Senior Product Manager,"Gurgaon, Haryana, India",https://in.linkedin.com/jobs/view/senior-product-manager-at-expedia-group-4471941230?position=7&pageNum=5&refId=47mFLxgW4C7mUHd%2FqwlHnQ%3D%3D&trackingId=ePZ06UYKkFlKV%2Fgsduof9w%3D%3D,LINKEDIN,2026-10-01
One Impression,Senior Product Manager,"Gurugram, Haryana, India",https://in.linkedin.com/jobs/view/senior-product-manager-at-one-impression-4136779605?position=1&pageNum=7&refId=PxIyw7b64t6YeQa%2Bu0u4AQ%3D%3D&trackingId=gmrKyFSmHio7rPrljGIe4Q%3D%3D,LINKEDIN,2026-10-01
MongoDB,Senior Product Manager,"Gurugram, Haryana, India",https://in.linkedin.com/jobs/view/senior-product-manager-at-mongodb-4461576326?position=4&pageNum=7&refId=PxIyw7b64t6YeQa%2Bu0u4AQ%3D%3D&trackingId=WgmXe58tpC348J%2BSRM3Zvw%3D%3D,LINKEDIN,2026-10-01
ShopSe Digital Finance,Senior Product Manager – Payments,Mumbai Metropolitan Region,https://in.linkedin.com/jobs/view/senior-product-manager-%E2%80%93-payments-at-shopse-digital-finance-4443431864?position=7&pageNum=7&refId=PxIyw7b64t6YeQa%2Bu0u4AQ%3D%3D&trackingId=TfMNmRFg5y2kwc8YX0%2Fcjw%3D%3D,LINKEDIN,2026-10-01
MakeMyTrip,Lead Product Manager (GCC),"Gurgaon, Haryana, India",https://in.linkedin.com/jobs/view/lead-product-manager-gcc-at-makemytrip-4467953689?position=6&pageNum=2&refId=eaBdQzMrzFU0uk7GIFd9Jg%3D%3D&trackingId=p4smNzt0Ukn%2BLgW8EAkMkA%3D%3D,LINKEDIN,2026-10-01
Clearwater Analytics,Senior Product Manager,Mumbai Metropolitan Region,https://in.linkedin.com/jobs/view/senior-product-manager-at-clearwater-analytics-4463985535?position=9&pageNum=2&refId=eaBdQzMrzFU0uk7GIFd9Jg%3D%3D&trackingId=HQuIAwMYp9gn%2Bd8qNfPmaA%3D%3D,LINKEDIN,2026-10-01
ETS,Lead Product Manager,"Gurugram, Haryana, India",https://in.linkedin.com/jobs/view/lead-product-manager-at-ets-4467979439?position=3&pageNum=5&refId=N8OXC7MCaNuj3Ssnrf3lQg%3D%3D&trackingId=c8ZeSeGyC58rnDXXRy5zKA%3D%3D,LINKEDIN,2026-10-01
SquadStack.ai,Principal Product Manager -  Voice AI Platform,"Noida, Uttar Pradesh, India",https://in.linkedin.com/jobs/view/principal-product-manager-voice-ai-platform-at-squadstack-ai-4451390863?position=6&pageNum=5&refId=N8OXC7MCaNuj3Ssnrf3lQg%3D%3D&trackingId=j9uzZS4ICDfgiyDiDO8XUw%3D%3D,LINKEDIN,2026-10-01
Prime Video & Amazon MGM Studios,"Principal Product Manager - Tech, Prime Video Commerce & International Product",Mumbai Metropolitan Region,https://in.linkedin.com/jobs/view/principal-product-manager-tech-prime-video-commerce-international-product-at-prime-video-amazon-mgm-studios-4455796338?position=2&pageNum=7&refId=3RmQwPfSSjeuNnhu50u%2F0g%3D%3D&trackingId=fC1X9jYbm41f4dYmCQxJ6w%3D%3D,LINKEDIN,2026-10-01
Spice Money,Senior Product Manager,"Noida, Uttar Pradesh, India",https://in.linkedin.com/jobs/view/senior-product-manager-at-spice-money-4464617059?position=9&pageNum=7&refId=3RmQwPfSSjeuNnhu50u%2F0g%3D%3D&trackingId=8S5AtrmbgCGQlij6ixQaCQ%3D%3D,LINKEDIN,2026-10-01
Expedia Group,Principal Product Manager,"Gurgaon, Haryana, India",https://in.linkedin.com/jobs/view/principal-product-manager-at-expedia-group-4460043604?position=10&pageNum=0&refId=FZvvIZUr2zF5kGO9%2Fo58Qw%3D%3D&trackingId=sHtpIGy2L3VjM%2B34UGZmWQ%3D%3D,LINKEDIN,2026-10-01
Rebel Foods,Principal Product Manager,Mumbai Metropolitan Region,https://in.linkedin.com/jobs/view/principal-product-manager-at-rebel-foods-4470695367?position=2&pageNum=2&refId=NJbJ20UmvPz67%2BlnqxBU5A%3D%3D&trackingId=Jk6e0v7g75KKRIZieFDOXw%3D%3D,LINKEDIN,2026-10-01
Jubilant FoodWorks Ltd.,Lead Product Manager,"Gurugram, Haryana, India",https://in.linkedin.com/jobs/view/lead-product-manager-at-jubilant-foodworks-ltd-4469396626?position=5&pageNum=2&refId=NJbJ20UmvPz67%2BlnqxBU5A%3D%3D&trackingId=5G4ndTh7ahInY1xqtfkMOA%3D%3D,LINKEDIN,2026-10-01
Atlys,Senior Product Manager - Growth,"Delhi, Delhi, India",https://in.linkedin.com/jobs/view/senior-product-manager-growth-at-atlys-4458894899?position=1&pageNum=0&refId=7S034KaiQX4x93i4wCcgcQ%3D%3D&trackingId=qih7yTCz8uwM5uifpzEkkQ%3D%3D,LINKEDIN,2026-10-01
Atlys,Product Manager - Growth,"Delhi, Delhi, India",https://in.linkedin.com/jobs/view/product-manager-growth-at-atlys-4469336617?position=3&pageNum=0&refId=7S034KaiQX4x93i4wCcgcQ%3D%3D&trackingId=zmSC0xdRrVm0G9C%2Bwu6rXA%3D%3D,LINKEDIN,2026-10-01
Upstox,Product Manager II-(Growth),Mumbai Metropolitan Region,https://in.linkedin.com/jobs/view/product-manager-ii-growth-at-upstox-4452228764?position=7&pageNum=0&refId=7S034KaiQX4x93i4wCcgcQ%3D%3D&trackingId=000gn6YLye0%2BOjMWYykqNw%3D%3D,LINKEDIN,2026-10-01
ixigo,Product Manager,"Gurugram, Haryana, India",https://in.linkedin.com/jobs/view/product-manager-at-ixigo-4469118911?position=4&pageNum=2&refId=A535YubalORgbaD%2Fy8nfbQ%3D%3D&trackingId=hOxae%2Bcfz9ib3JfJUkvMyA%3D%3D,LINKEDIN,2026-10-01
noon,"Product Manager, Consumer","Gurugram, Haryana, India",https://in.linkedin.com/jobs/view/product-manager-consumer-at-noon-4466717105?position=8&pageNum=2&refId=A535YubalORgbaD%2Fy8nfbQ%3D%3D&trackingId=y77SjbmApsjp58PECjUgsA%3D%3D,LINKEDIN,2026-10-01
Airblack,Product Manager (Consumer AI),"Gurugram, Haryana, India",https://in.linkedin.com/jobs/view/product-manager-consumer-ai-at-airblack-4448737093?position=9&pageNum=2&refId=A535YubalORgbaD%2Fy8nfbQ%3D%3D&trackingId=%2FNYEE%2FQvYhCwvanACoq66w%3D%3D,LINKEDIN,2026-10-01
Nutrabay,Senior Product Manager,"Gurugram, Haryana, India",https://in.linkedin.com/jobs/view/senior-product-manager-at-nutrabay-4467887480?position=3&pageNum=7&refId=BCHYnRgMctmXpbqVevs8hw%3D%3D&trackingId=cd0K5V0o3g2rpLlwu1JxBw%3D%3D,LINKEDIN,2026-10-01
Seven N Half,"Product Manager, Marketing Automation","Mumbai, Maharashtra, India",https://in.linkedin.com/jobs/view/product-manager-marketing-automation-at-seven-n-half-4461167585?position=6&pageNum=7&refId=BCHYnRgMctmXpbqVevs8hw%3D%3D&trackingId=NsERak1VZYOyBKtb%2BVMDdg%3D%3D,LINKEDIN,2026-10-01
Purplle.com,Product Manager - Storefront,Mumbai Metropolitan Region,https://in.linkedin.com/jobs/view/product-manager-storefront-at-purplle-com-4406679786?position=7&pageNum=7&refId=BCHYnRgMctmXpbqVevs8hw%3D%3D&trackingId=7xakQkv38%2BwqqSIxFBcBog%3D%3D,LINKEDIN,2026-10-01
airtel,Senior Product Manager,"Gurugram, Haryana, India",https://in.linkedin.com/jobs/view/senior-product-manager-at-airtel-4464771612?position=8&pageNum=7&refId=BCHYnRgMctmXpbqVevs8hw%3D%3D&trackingId=b3Yc%2B6tyvqB3RGbowS6sFg%3D%3D,LINKEDIN,2026-10-01
JioSaavn,Senior Product Manager - Personalisation & AI,"Mumbai, Maharashtra, India",https://in.linkedin.com/jobs/view/senior-product-manager-personalisation-ai-at-jiosaavn-4466088528?position=10&pageNum=7&refId=BCHYnRgMctmXpbqVevs8hw%3D%3D&trackingId=3E%2FXe7M%2BlB0kIrEjlsO1Yw%3D%3D,LINKEDIN,2026-10-01
Pidge,Product Marketing Manager,"Gurugram, Haryana, India",https://in.linkedin.com/jobs/view/product-marketing-manager-at-pidge-4470425069?position=3&pageNum=0&refId=dghaEVqxvNefffDpesg6Zg%3D%3D&trackingId=I5BAs7FRY%2Fxb7O2n4M5OrA%3D%3D,LINKEDIN,2026-10-01
Vymo,Product Marketing Manager,"Mumbai, Maharashtra, India",https://in.linkedin.com/jobs/view/product-marketing-manager-at-vymo-4470256137?position=6&pageNum=0&refId=dghaEVqxvNefffDpesg6Zg%3D%3D&trackingId=6UUx3jVADtNrwyc%2B3lpzbw%3D%3D,LINKEDIN,2026-10-01
Michael Page,"Product Marketing Manager (Electronics, 10+ years, Delhi)","Delhi, India",https://in.linkedin.com/jobs/view/product-marketing-manager-electronics-10%2B-years-delhi-at-michael-page-4472529401?position=1&pageNum=2&refId=OHi%2FJVxw6qvm3bTqfKTceg%3D%3D&trackingId=NsMeUH1MjPJGzSDfSBNlQw%3D%3D,LINKEDIN,2026-10-01
BeyondnMore,Digital Product Marketing Manager,"Mumbai, Maharashtra, India",https://in.linkedin.com/jobs/view/digital-product-marketing-manager-at-beyondnmore-4441591604?position=6&pageNum=7&refId=yjji%2FGAdsPXlnDdLpNpnxg%3D%3D&trackingId=VRC75EOQK3ofGeQ6ZbVR1Q%3D%3D,LINKEDIN,2026-10-01
Sova Health,Brand Manager,"Gurugram, Haryana, India",https://in.linkedin.com/jobs/view/brand-manager-at-sova-health-4469680515?position=7&pageNum=7&refId=yjji%2FGAdsPXlnDdLpNpnxg%3D%3D&trackingId=vXt42SV7eBXc7jn1KRQXuA%3D%3D,LINKEDIN,2026-10-01
The Sleep Company,Brand Manager / Sr. Brand Manager,Mumbai Metropolitan Region,https://in.linkedin.com/jobs/view/brand-manager-sr-brand-manager-at-the-sleep-company-4464183419?position=2&pageNum=0&refId=qXbjyHSrJ1ar00b7juQrvA%3D%3D&trackingId=OhVZhMNs2%2BnJmzqD9ylibA%3D%3D,LINKEDIN,2026-10-01
Traya,Brand Manager,"Mumbai, Maharashtra, India",https://in.linkedin.com/jobs/view/brand-manager-at-traya-4462229323?position=5&pageNum=0&refId=qXbjyHSrJ1ar00b7juQrvA%3D%3D&trackingId=Cfrq%2BKHZRbxfSPIGuEXO5w%3D%3D,LINKEDIN,2026-10-01
The Skin Diet Company,Brand Manager,"Mumbai, Maharashtra, India",https://in.linkedin.com/jobs/view/brand-manager-at-the-skin-diet-company-4471266091?position=7&pageNum=0&refId=qXbjyHSrJ1ar00b7juQrvA%3D%3D&trackingId=Aqp1NUnG8Kn%2BlWJh4SuAQg%3D%3D,LINKEDIN,2026-10-01
Beardo,Brand Manager,"Mumbai, Maharashtra, India",https://in.linkedin.com/jobs/view/brand-manager-at-beardo-4463474360?position=8&pageNum=0&refId=qXbjyHSrJ1ar00b7juQrvA%3D%3D&trackingId=rLVGomYxkMkcXPN37m9XpQ%3D%3D,LINKEDIN,2026-10-01
UNISON INTERNATIONAL CONSULTING (The Recruitment Company),Brand Manager – Derma,"Mumbai, Maharashtra, India",https://in.linkedin.com/jobs/view/brand-manager-%E2%80%93-derma-at-unison-international-consulting-the-recruitment-company-4469665769?position=10&pageNum=0&refId=qXbjyHSrJ1ar00b7juQrvA%3D%3D&trackingId=5Wfpp%2B0i4GaILDEQsqz%2BJQ%3D%3D,LINKEDIN,2026-10-01
Zero Solution,Brand Manager,"Gurugram, Haryana, India",https://in.linkedin.com/jobs/view/brand-manager-at-zero-solution-4467346121?position=3&pageNum=2&refId=hpUuVICZe3LnX6Kiv9i4CA%3D%3D&trackingId=bjSTQlxQGYVxFqdZ5JCCCg%3D%3D,LINKEDIN,2026-10-01
Impronics Technologies,Brand Manager,Mumbai Metropolitan Region,https://in.linkedin.com/jobs/view/brand-manager-at-impronics-technologies-3976034290?position=10&pageNum=2&refId=hpUuVICZe3LnX6Kiv9i4CA%3D%3D&trackingId=hg9PFB%2FN5eMCgYmymCTQDA%3D%3D,LINKEDIN,2026-10-01
SUN PHARMA,Product Manager - Branded Products (Emerging Markets),Mumbai Metropolitan Region,https://in.linkedin.com/jobs/view/product-manager-branded-products-emerging-markets-at-sun-pharma-4450318283?position=2&pageNum=5&refId=BejaHILr2j0BbcyYuwLa9g%3D%3D&trackingId=EOMzjC0yQ9a4H1kzLP%2FRgg%3D%3D,LINKEDIN,2026-10-01
Vzy,Brand Manager,"Noida, Uttar Pradesh, India",https://in.linkedin.com/jobs/view/brand-manager-at-vzy-4473755758?position=3&pageNum=5&refId=BejaHILr2j0BbcyYuwLa9g%3D%3D&trackingId=1zcY3yu8jaUJblJba8htIQ%3D%3D,LINKEDIN,2026-10-01
the LEGO Group,Brand Manager,"Mumbai, Maharashtra, India",https://in.linkedin.com/jobs/view/brand-manager-at-the-lego-group-4458086770?position=5&pageNum=5&refId=BejaHILr2j0BbcyYuwLa9g%3D%3D&trackingId=mkQWsZ6yI%2Bxc2oPAvx0C5Q%3D%3D,LINKEDIN,2026-10-01
ASTIKA SOFTWARE TECHNOLOGIES PRIVATE LIMITED,Group Product Manager- Marketing,"Mumbai, Maharashtra, India",https://in.linkedin.com/jobs/view/group-product-manager-marketing-at-astika-software-technologies-private-limited-4457737958?position=7&pageNum=5&refId=BejaHILr2j0BbcyYuwLa9g%3D%3D&trackingId=UesZfDgRVPvsDeQXPw%2BLlw%3D%3D,LINKEDIN,2026-10-01
Career Path HR Solution,Group Product Manager - Marketing,"Mumbai, Maharashtra, India",https://in.linkedin.com/jobs/view/group-product-manager-marketing-at-career-path-hr-solution-4435211565?position=8&pageNum=5&refId=BejaHILr2j0BbcyYuwLa9g%3D%3D&trackingId=0RjyECU3p62IMyfJpPAKWQ%3D%3D,LINKEDIN,2026-10-01
IShake,Senior Brand Manager,"Delhi, India",https://in.linkedin.com/jobs/view/senior-brand-manager-at-ishake-4461126648?position=9&pageNum=5&refId=BejaHILr2j0BbcyYuwLa9g%3D%3D&trackingId=BnBe5sQfq7be9KAg8lZxPA%3D%3D,LINKEDIN,2026-10-01
SUN PHARMA,Group Product Manager - Nutrition,Mumbai Metropolitan Region,https://in.linkedin.com/jobs/view/group-product-manager-nutrition-at-sun-pharma-4461164305?position=7&pageNum=7&refId=PTodLfoNaExTghFqVi6DdQ%3D%3D&trackingId=mqKVE%2B%2BPXOX6018LDWQ8Ag%3D%3D,LINKEDIN,2026-10-01
Beco,Assistant Brand Manager,"Mumbai, Maharashtra, India",https://in.linkedin.com/jobs/view/assistant-brand-manager-at-beco-4466189553?position=1&pageNum=0&refId=yBcphdOJ4i%2BN2mrThBpkig%3D%3D&trackingId=jE67sZZEkz%2BQYjx605YJDQ%3D%3D,LINKEDIN,2026-10-01
Andamen,Assistant Brand Manager Marketing,"Gurugram, Haryana, India",https://in.linkedin.com/jobs/view/assistant-brand-manager-marketing-at-andamen-4457758474?position=2&pageNum=0&refId=yBcphdOJ4i%2BN2mrThBpkig%3D%3D&trackingId=SLZIDblrpUphUccYW95Teg%3D%3D,LINKEDIN,2026-10-01
Traya,Business Strategy Manager,"Mumbai, Maharashtra, India",https://in.linkedin.com/jobs/view/business-strategy-manager-at-traya-4468970581?position=3&pageNum=0&refId=31%2FdYql9eB3slEUsSEWwTQ%3D%3D&trackingId=jFA1KOn7AF%2BT18T6adcczg%3D%3D,LINKEDIN,2026-10-01
Henkel,Market Strategy Manager - IMEA,"Navi Mumbai, Maharashtra, India",https://in.linkedin.com/jobs/view/market-strategy-manager-imea-at-henkel-4458723753?position=10&pageNum=0&refId=31%2FdYql9eB3slEUsSEWwTQ%3D%3D&trackingId=HuuYc1W%2FJ8vORMkfC%2BYkow%3D%3D,LINKEDIN,2026-10-01
GNA Energy,Research & Strategy Manager,"Gurugram, Haryana, India",https://in.linkedin.com/jobs/view/research-strategy-manager-at-gna-energy-4451185426?position=6&pageNum=2&refId=ij9365M9LAw99PmMqmySpw%3D%3D&trackingId=Z9aMaxzw69bVO69g1XP6RA%3D%3D,LINKEDIN,2026-10-01
Route Mobile Limited,Strategy Manager,Mumbai Metropolitan Region,https://in.linkedin.com/jobs/view/strategy-manager-at-route-mobile-limited-4440783120?position=9&pageNum=2&refId=ij9365M9LAw99PmMqmySpw%3D%3D&trackingId=e0iE2zyHmVQHIULN9drQxA%3D%3D,LINKEDIN,2026-10-01
HouseEazy,Strategy Manager,"Noida, Uttar Pradesh, India",https://in.linkedin.com/jobs/view/strategy-manager-at-houseeazy-4470309790?position=2&pageNum=0&refId=oTeL3mm%2BYY0KyOYX8X%2BP%2FQ%3D%3D&trackingId=ZDxC0HIaHouHTxmaappKQg%3D%3D,LINKEDIN,2026-10-01
BIBA Fashion Ltd,Strategy Manager,"Gurugram, Haryana, India",https://in.linkedin.com/jobs/view/strategy-manager-at-biba-fashion-ltd-4468215575?position=9&pageNum=5&refId=LO16txtbyC8KoA7yEmy9dA%3D%3D&trackingId=%2BLIM0ltwr8%2F0KYpoxRekDw%3D%3D,LINKEDIN,2026-10-01
Parle Biscuits Pvt. Ltd.,Strategy Manager,"Mumbai, Maharashtra, India",https://in.linkedin.com/jobs/view/strategy-manager-at-parle-biscuits-pvt-ltd-4460462711?position=1&pageNum=0&refId=9vIl92I330EWyhfnsczJ2g%3D%3D&trackingId=ixD5CiRJa3TBuQ5l66HFzg%3D%3D,LINKEDIN,2026-10-01
Henkel,Regional PMO & Strategy Manager IMEA,"Navi Mumbai, Maharashtra, India",https://in.linkedin.com/jobs/view/regional-pmo-strategy-manager-imea-at-henkel-4465806509?position=2&pageNum=7&refId=ZA1eFZwCKWvI1m0WesVhXg%3D%3D&trackingId=r8SaZQW7uUKGhFDmEux8%2Fg%3D%3D,LINKEDIN,2026-10-01
Accenture in India,IMU SC&E Consultant,Mumbai Metropolitan Region,https://in.linkedin.com/jobs/view/imu-sc-e-consultant-at-accenture-in-india-4448339523?position=5&pageNum=0&refId=ZzJq9KZFt2Cj9MV%2BeB2KuQ%3D%3D&trackingId=P0NjIomE4mlvS0084hRpLQ%3D%3D,LINKEDIN,2026-10-01
Veeva Systems,Senior / Solution Consultant - Veeva Quality India,Mumbai Metropolitan Region,https://in.linkedin.com/jobs/view/senior-solution-consultant-veeva-quality-india-at-veeva-systems-4469423838?position=8&pageNum=0&refId=ZzJq9KZFt2Cj9MV%2BeB2KuQ%3D%3D&trackingId=tF9PGBgrY4GVpqq4LhgY3w%3D%3D,LINKEDIN,2026-10-01
Accenture in India,IMU - S&C - Supply Chain - Consultant,Mumbai Metropolitan Region,https://in.linkedin.com/jobs/view/imu-s-c-supply-chain-consultant-at-accenture-in-india-4448330532?position=9&pageNum=0&refId=ZzJq9KZFt2Cj9MV%2BeB2KuQ%3D%3D&trackingId=FwtqR4VosfGuSHWCekhZPw%3D%3D,LINKEDIN,2026-10-01
Inizio Ignite,"Global Consultant, Lifesciences (Value Pricing & Market Access)","Gurugram, Haryana, India",https://in.linkedin.com/jobs/view/global-consultant-lifesciences-value-pricing-market-access-at-inizio-ignite-4453068973?position=10&pageNum=0&refId=ZzJq9KZFt2Cj9MV%2BeB2KuQ%3D%3D&trackingId=gbXypTOgE6Y%2FurMFp2bO9w%3D%3D,LINKEDIN,2026-10-01
Infosys BPM,Senior Consultant-Business Analysis+Life Insurance+Requirement gathering,"Gurugram, Haryana, India",https://in.linkedin.com/jobs/view/senior-consultant-business-analysis%2Blife-insurance%2Brequirement-gathering-at-infosys-bpm-4470083926?position=2&pageNum=2&refId=yxb07nEw%2FZ%2BE3wrw%2Fp7XVA%3D%3D&trackingId=lpi%2BPZ0u7VlyTosCDCqYZA%3D%3D,LINKEDIN,2026-10-01
Bristlecone,Consultant - Emerging Platforms,"Mumbai, Maharashtra, India",https://in.linkedin.com/jobs/view/consultant-emerging-platforms-at-bristlecone-4089379996?position=8&pageNum=2&refId=yxb07nEw%2FZ%2BE3wrw%2Fp7XVA%3D%3D&trackingId=nzj9DqWfUZoLpEc11aztUw%3D%3D,LINKEDIN,2026-10-01
Deloitte,Senior Consultant - Tax - TTC - NetSuite/Workday/INFOR - Hyderabad/Bengaluru/Mumbai/Pune/Gurugram/Chennai/Kolkata,"Mumbai, Maharashtra, India",https://in.linkedin.com/jobs/view/senior-consultant-tax-ttc-netsuite-workday-infor-hyderabad-bengaluru-mumbai-pune-gurugram-chennai-kolkata-at-deloitte-4424557114?position=9&pageNum=7&refId=F5lgX6K6ZKIPflZOmcycWA%3D%3D&trackingId=RMYUBHj38o0DR2A2dyUfmA%3D%3D,LINKEDIN,2026-10-01
AHEAD,Senior Technical Consultant - Security GRC,"Gurugram, Haryana, India",https://in.linkedin.com/jobs/view/senior-technical-consultant-security-grc-at-ahead-4473211753?position=9&pageNum=0&refId=jqf4qv20aXY11wecy4VCPg%3D%3D&trackingId=TMux9%2BjZ23wlOa7sSjc37g%3D%3D,LINKEDIN,2026-10-01
EY,Senior Consultant - Business Consulting PI - CHS - CNS - BC - Supply Chain & Operations - New Delhi,"Delhi, India",https://in.linkedin.com/jobs/view/senior-consultant-business-consulting-pi-chs-cns-bc-supply-chain-operations-new-delhi-at-ey-4440194264?position=10&pageNum=0&refId=jqf4qv20aXY11wecy4VCPg%3D%3D&trackingId=JYsjWb%2BztAfx0SfnspjIvA%3D%3D,LINKEDIN,2026-10-01
Mott MacDonald,Senior Environment Consultant (UK Projects),Mumbai Metropolitan Region,https://in.linkedin.com/jobs/view/senior-environment-consultant-uk-projects-at-mott-macdonald-4448125790?position=3&pageNum=2&refId=ir4OYndexHx6aWnEXgngIA%3D%3D&trackingId=qqyfnxGhF%2FRIkKJ4aH7UhA%3D%3D,LINKEDIN,2026-10-01
capSpire,Senior Consultants – RightAngle Functional,"Gurugram, Haryana, India",https://in.linkedin.com/jobs/view/senior-consultants-%E2%80%93-rightangle-functional-at-capspire-4468651129?position=4&pageNum=2&refId=ir4OYndexHx6aWnEXgngIA%3D%3D&trackingId=5368oPWw1pP%2FI9cbWHDPWg%3D%3D,LINKEDIN,2026-10-01
Inizio Ignite,"Global Consultant, Lifesciences","Gurugram, Haryana, India",https://in.linkedin.com/jobs/view/global-consultant-lifesciences-at-inizio-ignite-4379773196?position=2&pageNum=2&refId=WoXtjTQxWN8Bis65fyZeLA%3D%3D&trackingId=JhpcDne4K1rsVCvJJOJhrQ%3D%3D,LINKEDIN,2026-10-01
EdgeVantage,Business Consultant- Supply Chain,Mumbai Metropolitan Region,https://in.linkedin.com/jobs/view/business-consultant-supply-chain-at-edgevantage-4444327271?position=5&pageNum=2&refId=WoXtjTQxWN8Bis65fyZeLA%3D%3D&trackingId=v%2BRppK5T7fU4AaQpH4NM0g%3D%3D,LINKEDIN,2026-10-01
IQVIA India,Senior Consultant,"Mumbai, Maharashtra, India",https://in.linkedin.com/jobs/view/senior-consultant-at-iqvia-india-4473085416?position=6&pageNum=2&refId=WoXtjTQxWN8Bis65fyZeLA%3D%3D&trackingId=NXDuoasuV6B1x%2FY9UMQIXA%3D%3D,LINKEDIN,2026-10-01
Frost & Sullivan,Healthcare & Life Sciences Consultant/Senior Consultant,Mumbai Metropolitan Region,https://in.linkedin.com/jobs/view/healthcare-life-sciences-consultant-senior-consultant-at-frost-sullivan-4456866281?position=9&pageNum=2&refId=WoXtjTQxWN8Bis65fyZeLA%3D%3D&trackingId=an1CZs3wZ3A6wDwL7iVgVA%3D%3D,LINKEDIN,2026-10-01
Growqai,Business Consultant,Mumbai Metropolitan Region,https://in.linkedin.com/jobs/view/business-consultant-at-growqai-4461987093?position=1&pageNum=0&refId=3QkEZ%2FlhQzKHmsdY4b5AWQ%3D%3D&trackingId=agIZKekFULPNbabYDD1d8g%3D%3D,LINKEDIN,2026-10-01
Accenture in India,GN-I&E-Banking-Payments-Consultant,"Gurugram, Haryana, India",https://in.linkedin.com/jobs/view/gn-i-e-banking-payments-consultant-at-accenture-in-india-4471490461?position=8&pageNum=0&refId=3QkEZ%2FlhQzKHmsdY4b5AWQ%3D%3D&trackingId=oL%2Bf%2FU9qLdvRE8EW7I7v4A%3D%3D,LINKEDIN,2026-10-01
Blue Moon Marketing,Business Consultant,"Gurugram, Haryana, India",https://in.linkedin.com/jobs/view/business-consultant-at-blue-moon-marketing-4471999076?position=3&pageNum=2&refId=D%2FPmmworhA%2B4r4cVjT%2BNLg%3D%3D&trackingId=hb7qT%2BkqRI8VLWCmaJCcvw%3D%3D,LINKEDIN,2026-10-01
Wipro,DOMAIN CONSULTANT L2,Mumbai Metropolitan Region,https://in.linkedin.com/jobs/view/domain-consultant-l2-at-wipro-4473038781?position=5&pageNum=2&refId=D%2FPmmworhA%2B4r4cVjT%2BNLg%3D%3D&trackingId=NTcuqnT5W%2FGsCc7Fr%2FZD4Q%3D%3D,LINKEDIN,2026-10-01
Avasant,Managing Consultant,Greater Delhi Area,https://in.linkedin.com/jobs/view/managing-consultant-at-avasant-4431796395?position=6&pageNum=2&refId=D%2FPmmworhA%2B4r4cVjT%2BNLg%3D%3D&trackingId=H6A9jdSQHUQTlqmdxhNHkA%3D%3D,LINKEDIN,2026-10-01
EY,Senior Consultant - Business Consulting PI - FS - CNS - BC - TRANSFORMATION DELIVERY - Mumbai,"Mumbai, Maharashtra, India",https://in.linkedin.com/jobs/view/senior-consultant-business-consulting-pi-fs-cns-bc-transformation-delivery-mumbai-at-ey-4468938172?position=7&pageNum=5&refId=pQYF7KLZgmmSgMPO9i%2F8wA%3D%3D&trackingId=LdGIeTxXQZ37xBhjkIvQ7Q%3D%3D,LINKEDIN,2026-10-01
EY,Senior Consultant - Business Consulting PI - TMT - CNS - BC - FINANCE - New Delhi,"Delhi, India",https://in.linkedin.com/jobs/view/senior-consultant-business-consulting-pi-tmt-cns-bc-finance-new-delhi-at-ey-4455880684?position=9&pageNum=5&refId=pQYF7KLZgmmSgMPO9i%2F8wA%3D%3D&trackingId=HB727EDJ584SKDyKaCNnrQ%3D%3D,LINKEDIN,2026-10-01
SourcingXPress,Technical Program Manager,"Saket, Delhi, India",https://in.linkedin.com/jobs/view/technical-program-manager-at-sourcingxpress-4408536055?position=2&pageNum=5&refId=Gv3S811KiesqVuZGM8ki3g%3D%3D&trackingId=%2FXOStpRuq9EhlePghBxnjQ%3D%3D,LINKEDIN,2026-10-01
FOGSI - Koita Centre for Digital Maternal Care (FOGSI-KCDM),Senior Program Manager,"Mumbai, Maharashtra, India",https://in.linkedin.com/jobs/view/senior-program-manager-at-fogsi-koita-centre-for-digital-maternal-care-fogsi-kcdm-4472909605?position=2&pageNum=7&refId=y%2FrVJaCFRljMJp9VTdAxfw%3D%3D&trackingId=xpK%2FVE2P3%2BvcbrVHq7pWWg%3D%3D,LINKEDIN,2026-10-01
Expedia Group,Technical Program Manager III,"Gurgaon, Haryana, India",https://in.linkedin.com/jobs/view/technical-program-manager-iii-at-expedia-group-4468777435?position=5&pageNum=7&refId=y%2FrVJaCFRljMJp9VTdAxfw%3D%3D&trackingId=ZtEpdBnHmLyFxsJ9rhN2Cg%3D%3D,LINKEDIN,2026-10-01
Hack2skill,Technical Program Manager,"Noida, Uttar Pradesh, India",https://in.linkedin.com/jobs/view/technical-program-manager-at-hack2skill-4461604272?position=8&pageNum=7&refId=y%2FrVJaCFRljMJp9VTdAxfw%3D%3D&trackingId=qTuELFYv%2Fv7p5hCaB%2F4Ixw%3D%3D,LINKEDIN,2026-10-01
Indofast Energy,Program Manager,"Gurugram, Haryana, India",https://in.linkedin.com/jobs/view/program-manager-at-indofast-energy-4473206867?position=9&pageNum=7&refId=y%2FrVJaCFRljMJp9VTdAxfw%3D%3D&trackingId=jwHFQ3%2F6cnvtZ1Ttz8tPIQ%3D%3D,LINKEDIN,2026-10-01
SquadStack.ai,AI Agent Product Manager,Noida,https://www.instahyre.com/job-443634-ai-agent-product-manager-at-squadstack-noida/,INSTAHYRE,2026-10-01
Purplle,Product Manager,Mumbai,https://www.instahyre.com/job-442037-product-manager-at-purplle-mumbai/,INSTAHYRE,2026-10-01
Star Health and Allied Insurance,Product Manager,Gurgaon,https://www.instahyre.com/job-443339-product-manager-at-star-health-and-allied-insurance-gurgaon/,INSTAHYRE,2026-10-01
Zenskar,Group Product Manager,"Bangalore,Gurgaon",https://www.instahyre.com/job-444426-group-product-manager-at-zenskar-2-bangalore-gurgaon/,INSTAHYRE,2026-10-01
Klimb.io,Sr. Product Manager,Mumbai,https://www.instahyre.com/job-438462-sr-product-manager-at-klimb-mumbai/,INSTAHYRE,2026-10-01
Huru,Technical Program Manager,"Delhi,Noida",https://www.instahyre.com/job-445198-technical-program-manager-at-huru-delhi-noida/,INSTAHYRE,2026-10-01
Klimb.io,Product Manager,"Mumbai,Navi Mumbai",https://www.instahyre.com/job-425695-product-manager-at-klimb-mumbai-navi-mumbai/,INSTAHYRE,2026-10-01
WonDRx,Technical Product Manager,Mumbai,https://www.instahyre.com/job-445000-technical-product-manager-at-wondrx-mumbai/,INSTAHYRE,2026-10-01
PayU,Senior Product Manager - UPI,Mumbai,https://www.instahyre.com/job-429787-senior-product-manager-upi-at-payu-mumbai/,INSTAHYRE,2026-10-01
D. E. Shaw,Product Manager (Comply Tech),"Bangalore,Gurgaon,Hyderabad",https://www.instahyre.com/job-444712-product-manager-comply-tech-at-d-e-bangalore-gurgaon-hyderabad/,INSTAHYRE,2026-10-01
Atlys,Sr. Product Manager - Growth,Delhi,https://www.instahyre.com/job-441256-sr-product-manager-growth-at-atlys-delhi/,INSTAHYRE,2026-10-01
Piramal Finance Limited,Technical Program Manager II,Mumbai,https://www.instahyre.com/job-424745-technical-program-manager-ii-at-piramal-finance-limited-mumbai/,INSTAHYRE,2026-10-01
PayU,Product Manager,"Bangalore,Gurgaon",https://www.instahyre.com/job-416437-product-manager-at-payu-bangalore-gurgaon/,INSTAHYRE,2026-10-01
PayU,Senior Product Manager,"Bangalore,Gurgaon",https://www.instahyre.com/job-416438-senior-product-manager-at-payu-bangalore-gurgaon/,INSTAHYRE,2026-10-01
Out of the Blue,Senior Product Manager,"Delhi,Gurgaon,Noida",https://www.instahyre.com/job-444707-senior-product-manager-at-out-of-the-blue-delhi-gurgaon-noida/,INSTAHYRE,2026-10-01
GobbleCube,Lead Product Marketing Manager,Gurgaon,https://www.instahyre.com/job-442157-lead-product-marketing-manager-at-gobblecube-gurgaon/,INSTAHYRE,2026-10-01
Truva,Associate Brand Manager,Mumbai,https://www.instahyre.com/job-432776-associate-brand-manager-at-truva-mumbai/,INSTAHYRE,2026-10-01
Sorta Famous,Senior Brand Manager,Mumbai,https://www.instahyre.com/job-433612-senior-brand-manager-at-sorta-famous-mumbai/,INSTAHYRE,2026-10-01
Deutsche Telekom Digital Labs,Group Product Manager,Gurgaon,https://www.instahyre.com/job-424100-group-product-manager-at-deutsche-telekom-digital-labs-gurgaon/,INSTAHYRE,2026-10-01
Accenture,AI Strategy Manager,"Bangalore,Gurgaon,Pune",https://www.instahyre.com/job-440748-ai-strategy-manager-at-accenture-2-bangalore-gurgaon-pune/,INSTAHYRE,2026-10-01
GreyOrange,Principal Product Manager,Gurgaon,https://www.instahyre.com/job-424561-principal-product-manager-at-greyorange-2-gurgaon/,INSTAHYRE,2026-10-01
Deutsche Telekom Digital Labs,Principle Product Manager,Gurgaon,https://www.instahyre.com/job-432399-principle-product-manager-at-deutsche-telekom-digital-labs-gurgaon/,INSTAHYRE,2026-10-01
Open Network For Digital Commerce,Principal Product Manager,Delhi,https://www.instahyre.com/job-438231-principal-product-manager-at-open-network-for-digital-commerce-delhi/,INSTAHYRE,2026-10-01
Eucloid Data Solutions,Senior Principal Data Consultant,Gurgaon,https://www.instahyre.com/job-437140-senior-principal-data-consultant-at-eucloid-data-solutions-gurgaon/,INSTAHYRE,2026-10-01
Accenture,AI Architect Consultant,"Bangalore,Gurgaon,Pune",https://www.instahyre.com/job-443189-ai-architect-consultant-at-accenture-2-bangalore-gurgaon-pune/,INSTAHYRE,2026-10-01
MyOperator,Business Consultant - SaaS,Noida,https://www.instahyre.com/job-398297-business-consultant-saas-at-myoperator-2-noida/,INSTAHYRE,2026-10-01
KPMG,Pricing Consultant,"Bangalore,Gurgaon,Mumbai",https://www.instahyre.com/job-439096-pricing-consultant-at-kpmg-2-bangalore-gurgaon-mumbai/,INSTAHYRE,2026-10-01
Accenture,Enterprise Operating Model Consultant,"Bangalore,Gurgaon,Mumbai",https://www.instahyre.com/job-437011-enterprise-operating-model-consultant-at-accenture-2-bangalore-gurgaon-mumbai/,INSTAHYRE,2026-10-01
Inamo,Program Manager,"Bangalore,Mumbai",https://www.instahyre.com/job-428668-program-manager-at-inamo-bangalore-mumbai/,INSTAHYRE,2026-10-01
DJXLabs,Business Development Consultant,Noida,https://www.instahyre.com/job-425001-business-development-consultant-at-djxlabs-noida/,INSTAHYRE,2026-10-01
Kenovate Solutions,Market Research Consultant,Gurgaon,https://www.instahyre.com/job-435590-market-research-consultant-at-kenovate-solutions-gurgaon/,INSTAHYRE,2026-10-01
Hexaware Technologies,SAP EHS Consultant,"Bangalore,Mumbai",https://www.instahyre.com/job-444602-sap-ehs-consultant-at-hexaware-technologies-bangalore-mumbai/,INSTAHYRE,2026-10-01
Hexaware Technologies,SAP WM / LE Functional Consultant,"Bangalore,Mumbai",https://www.instahyre.com/job-444664-sap-wm-le-functional-consultant-at-hexaware-technologies-bangalore-mumbai/,INSTAHYRE,2026-10-01
In4velocity,Senior Implementation Consultant,"Bangalore,Delhi,Mumbai",https://www.instahyre.com/job-444520-senior-implementation-consultant-at-in4velocity-bangalore-delhi-mumbai/,INSTAHYRE,2026-10-01
Accenture,SAP SuccessFactors Learning Consultant (LMS),"Bangalore,Gurgaon,Pune",https://www.instahyre.com/job-443883-sap-successfactors-learning-consultant-lms-at-accenture-2-bangalore-gurgaon-pune/,INSTAHYRE,2026-10-01
Samsung,SAP MM Consultant,"Delhi,Gurgaon,Noida",https://www.instahyre.com/job-441369-sap-mm-consultant-at-samsung-delhi-gurgaon-noida/,INSTAHYRE,2026-10-01
Tech Mahindra,Senior SAP HCM Consultant,"Bangalore,Mumbai,Pune",https://www.instahyre.com/job-443542-senior-sap-hcm-consultant-at-tech-mahindra-2-bangalore-mumbai-pune/,INSTAHYRE,2026-10-01
Highradius,Functional Support Consultant,"Bangalore,Gurgaon,Pune",https://www.instahyre.com/job-441811-functional-support-consultant-at-highradius-bangalore-gurgaon-pune/,INSTAHYRE,2026-10-01
Samsung,SAP CI - DS Consultant,"Delhi,Gurgaon,Noida",https://www.instahyre.com/job-441428-sap-ci-ds-consultant-at-samsung-delhi-gurgaon-noida/,INSTAHYRE,2026-10-01
Samsung,SAP CIDS Consultant,Delhi,https://www.instahyre.com/job-440331-sap-cids-consultant-at-samsung-delhi/,INSTAHYRE,2026-10-01
Snap,Data Governance Consultant,"Bangalore,Gurgaon,Hyderabad",https://www.instahyre.com/job-438810-data-governance-consultant-at-snap-bangalore-gurgaon-hyderabad/,INSTAHYRE,2026-10-01
KPMG,SAP PM Consultant,Mumbai,https://www.instahyre.com/job-438920-sap-pm-consultant-at-kpmg-2-mumbai/,INSTAHYRE,2026-10-01
HDFC Credila Financial Services,Product Manager - Lending Solutions,Mumbai,https://www.instahyre.com/job-438046-product-manager-lending-solutions-at-hdfc-credila-financial-services-2-mumbai/,INSTAHYRE,2026-10-01
Alfazance Consulting,Technical Consultant - Msd365 F&O,"Delhi,Noida",https://www.instahyre.com/job-435253-technical-consultant-msd365-fo-at-alfazance-consulting-delhi-noida/,INSTAHYRE,2026-10-01
Tata Consultancy Services,Consultant,Mumbai,https://www.instahyre.com/job-436834-consultant-at-tata-consultancy-services-mumbai/,INSTAHYRE,2026-10-01
Accenture,MS Dynamics Consultant,"Bangalore,Hyderabad,Mumbai",https://www.instahyre.com/job-434239-ms-dynamics-consultant-at-accenture-2-bangalore-hyderabad-mumbai/,INSTAHYRE,2026-10-01
Creatif Technologies,ERP Functional Consultant,Navi Mumbai,https://www.instahyre.com/job-431395-erp-functional-consultant-at-creatif-technologies-navi-mumbai/,INSTAHYRE,2026-10-01
Sterlite Technologies,SAP MM Consultant,Mumbai,https://www.instahyre.com/job-433822-sap-mm-consultant-at-sterlite-technologies-mumbai/,INSTAHYRE,2026-10-01
EngiNeo Solutions,Implementation Consultant (Travel & Expenses),Gurgaon,https://www.instahyre.com/job-431924-implementation-consultant-travel-expenses-at-engineo-solutions-gurgaon/,INSTAHYRE,2026-10-01
Virtuoso Consulting & Technology,SAP CRM IS - U Consultant,"Hyderabad,Noida",https://www.instahyre.com/job-431491-sap-crm-is-u-consultant-at-virtuoso-consulting-technology-hyderabad-noida/,INSTAHYRE,2026-10-01
Accenture,Genesys Consultant,"Bangalore,Gurgaon,Pune",https://www.instahyre.com/job-430589-genesys-consultant-at-accenture-2-bangalore-gurgaon-pune/,INSTAHYRE,2026-10-01
Accenture,AI Architect Consultant,"Bangalore,Gurgaon,Hyderabad",https://www.instahyre.com/job-443194-ai-architect-consultant-at-accenture-2-bangalore-gurgaon-hyderabad/,INSTAHYRE,2026-10-01
Accenture,Amazon Connect Consultant,"Bangalore,Gurgaon,Mumbai",https://www.instahyre.com/job-434215-amazon-connect-consultant-at-accenture-2-bangalore-gurgaon-mumbai/,INSTAHYRE,2026-10-01
Adobe,Technical Support Consultant,Noida,https://www.instahyre.com/job-367791-technical-support-consultant-at-adobe-noida/,INSTAHYRE,2026-10-01
Adobe,Technical Support Consultant (Campaign),Noida,https://www.instahyre.com/job-436797-technical-support-consultant-campaign-at-adobe-noida/,INSTAHYRE,2026-10-01
Klimb.io,Product Marketing Manager,Mumbai,https://www.instahyre.com/job-436993-product-marketing-manager-at-klimb-mumbai/,INSTAHYRE,2026-10-01
Revv,Sr. Product Manager,Gurgaon,https://www.instahyre.com/job-426424-sr-product-manager-at-revv-gurgaon/,INSTAHYRE,2026-10-01
